<odoo>
    <data>
      <!-- 
      <record id="calvo1" model="lost.character_template">
        <field name="calvo1"></field>
        <field name="image">
        </field>
      </record>

      <record id="calvo2" model="lost.character_template">
        <field name="calvo2"></field>
        <field name="image">
        </field>
      </record>

      <record id="calvo3" model="lost.character_template">
        <field name="calvo3"></field>
        <field name="image">
        </field>
      </record>

      <record id="corto1" model="lost.character_template">
        <field name="corto1"></field>
        <field name="image">
        </field>
      </record>

      <record id="corto2" model="lost.character_template">
        <field name="corto2"></field>
        <field name="image">
        </field>
      </record>

      <record id="corto3" model="lost.character_template">
        <field name="corto3"></field>
        <field name="image">
        </field>
      </record>


      <record id="formal1" model="lost.character_template">
        <field name="formal1"></field>
        <field name="image">
        </field>
      </record>

      <record id="formal2" model="lost.character_template">
        <field name="formal2"></field>
        <field name="image">
        </field>
      </record>
      
      <record id="formal3" model="lost.character_template">
        <field name="formal3"></field>
        <field name="image">
        </field>
      </record> 
     
      <record id="melena1" model="lost.character_template">
        <field name="melena1"></field>
        <field name="image">
        </field>
      </record>

      <record id="melena2" model="lost.character_template">
        <field name="melena2"></field>
        <field name="image">
        </field>
      </record>

       <record id="melena3" model="lost.character_template">
        <field name="melena3"></field>
        <field name="image">
        </field>
      </record>

       <record id="melenaza1" model="lost.character_template">
        <field name="melenaza1"></field>
        <field name="image">
        </field>
      </record>

       <record id="melenaza2" model="lost.character_template">
        <field name="melenaza2"></field>
        <field name="image">
        </field>
      </record>

       <record id="melenaza3" model="lost.character_template">
        <field name="melenaza3"></field>
        <field name="image">
        </field>
      </record>

       <record id="rulos1" model="lost.character_template">
        <field name="rulos1"></field>
        <field name="image">
        </field>
      </record>

       <record id="rulos2" model="lost.character_template">
        <field name="rulos2"></field>
        <field name="image">
        </field>
      </record>

       <record id="rulos3" model="lost.character_template">
        <field name="rulos3"></field>
        <field name="image">
        </field>
      </record>
    -->
    </data>
</odoo>

<!--  <record id="formal1" model="lost.character_template">
        <field name="formal1"></field>
        <field name="image">
        </field>
      </record> -->