id,name,model_id:id,group_id:id,perm_read,perm_write,perm_create,perm_unlink
access_lost_survivor,lost.survivor,model_lost_survivor,base.group_user,1,1,1,1
access_lost_island,lost.island,model_lost_island,base.group_user,1,1,1,1
access_lost_building,lost.building,model_lost_building,base.group_user,1,1,1,1
access_lost_expedition,lost.expedition,model_lost_expedition,base.group_user,1,1,1,1
access_lost_building_type,lost.building_type,model_lost_building_type,base.group_user,1,1,1,1
access_lost_expedition_wizard,lost.expedition_wizard,model_lost_expedition_wizard,base.group_user,1,1,1,1
access_lost_building_wizard,lost.building_wizard,model_lost_building_wizard,base.group_user,1,1,1,1
